id_login,id_usuario,fecha_login,ip
LG6000,US414,2024/08/22 05:00:00,192.168.18.198
LG6001,US418,2024-02-03 10:00:00,192.168.1.214
LG6002,US476,2024-01-11 21:00:00,192.168.20.28
LG6003,US449,2024-06-13 18:00:00,192.168.12.135
LG6004,US422,2024-08-26 00:00:00,192.168.11.22
LG6005,US507,2024-05-06 15:00:00,192.168.18.36
LG6006,US487,2024-09-22 13:00:00,192.168.16.20
LG6007,US423,2024-07-16 17:00:00,192.168.4.86
LG6008,US426,2024-05-11 09:00:00,192.168.11.13
LG6009,US422,2024/02/07 05:00:00,192.168.9.56
LG6010,US475,2024/09/30 00:00:00,192.168.15.192
LG6011,US410,2024-09-29 16:00:00,ip_desconocida
LG6012,US471,2024-01-16 10:00:00,192.168.9.113
LG6013,US423,2024-03-27 10:00:00,192.168.0.173
LG6014,US504,2024-09-27 18:00:00,192.168.14.250
LG6015,US409,2024-08-28 17:00:00,ip_desconocida
LG6016,US487,2024-06-24 01:00:00,192.168.6.17
LG6017,US474,2024/10/18 22:00:00,192.168.4.103
LG6018,US432,2024-09-25 12:00:00,192.168.3.160
LG6019,US492,2024-06-25 03:00:00,192.168.18.208
LG6020,US9999,2024-08-31 15:00:00,192.168.4.194
LG6021,US412,2024-10-20 15:00:00,192.168.8.91
LG6022,,2024-11-25 04:00:00,192.168.2.136
LG6023,US468,2024-01-03 19:00:00,192.168.13.72
LG6024,US416,2024-11-03 23:00:00,192.168.13.32
LG6025,US435,2024-05-20 02:00:00,192.168.19.195
LG6026,,2024-09-14 08:00:00,192.168.8.228
LG6027,US467,2024-03-03 06:00:00,192.168.16.104
LG6028,US427,2024-10-29 23:00:00,192.168.5.39
LG6029,US517,2024-03-21 02:00:00,192.168.15.109
LG6030,US453,2024-03-24 16:00:00,192.168.16.215
LG6031,US461,2024-07-17 05:00:00,192.168.2.11
LG6032,US415,2024-02-23 13:00:00,192.168.9.246
LG6033,US452,2024-02-10 20:00:00,192.168.13.223
LG6034,,2024-06-21 01:00:00,192.168.12.126
LG6035,US493,2024-02-21 05:00:00,192.168.12.239
LG6036,US429,2024-09-27 15:00:00,192.168.19.82
LG6037,,2024-11-14 22:00:00,192.168.14.82
LG6038,US431,2024-13-01,192.168.12.43
LG6039,US445,2024-07-21 09:00:00,192.168.16.60
LG6040,US425,2024-08-30 07:00:00,192.168.20.51
LG6041,US402,2024-04-10 16:00:00,192.168.0.16
LG6042,US497,2024-04-28 17:00:00,192.168.1.246
LG6043,US409,2024-01-27 17:00:00,192.168.10.52
LG6044,US436,2024-02-30,192.168.1.235
LG6045,US9999,2024-07-14 14:00:00,192.168.12.123
LG6046,US443,2024-04-25 02:00:00,192.168.11.106
LG6047,US493,2024-06-04 08:00:00,192.168.11.69
LG6048,US427,2024-02-03 18:00:00,192.168.12.192
LG6049,US486,2024-03-14 03:00:00,999.999.1.1
LG6050,US412,,192.168.9.2
LG6051,US488,2024-04-08 11:00:00,192.168.19.61
LG6052,US506,2024-04-19 09:00:00,192.168.4.193
LG6053,,2024-09-27 02:00:00,192.168.19.43
LG6054,US491,2024-10-02 18:00:00,192.168.4.147
LG6055,US498,2024-02-27 04:00:00,192.168.14.144
LG6056,US465,2024-02-14 22:00:00,192.168.0.9
LG6057,US468,2024-07-20 19:00:00,192.168.4.213
LG6058,US447,2024-11-18 11:00:00,192.168.9.138
LG6059,US417,2024-02-30,192.168.12.168
LG6060,US511,2024-09-28 09:00:00,192.168.9.23
LG6061,US443,2024-07-13 12:00:00,192.168.0.183
LG6062,US436,2024-08-17 00:00:00,192.168.7.242
LG6063,US458,2024-10-12 17:00:00,192.168.17.129
LG6064,US507,2024-09-22 23:00:00,192.168.19.190
LG6065,US518,2024-04-07 12:00:00,192.168.11.116
LG6066,US518,2024-11-14 02:00:00,192.168.3.204
LG6067,US448,2024-06-01 16:00:00,192.168.17.200
LG6068,US457,2024/09/09 13:00:00,192.168.19.106
LG6069,US497,2024-03-11 17:00:00,192.168.13.70
LG6070,US410,2024-05-26 22:00:00,192.168.16.161
LG6071,US434,2024-06-29 21:00:00,192.168.16.232
LG6072,US488,2024-01-08 23:00:00,192.168.2.12
LG6073,US428,2024-01-31 20:00:00,ip_desconocida
LG6074,,2024-05-31 09:00:00,192.168.6.245
LG6075,US509,,192.168.15.13
LG6076,US463,2024-09-03 04:00:00,192.168.16.176
LG6077,US464,2024-02-19 05:00:00,192.168.11.8
LG6078,US460,2024-07-04 23:00:00,192.168.8.18
LG6079,US500,2024-05-15 19:00:00,192.168.13.36
LG6080,US475,2024-06-13 09:00:00,192.168.2.239
LG6081,US451,2024-11-27 02:00:00,192.168.13.88
LG6082,US508,,192.168.3.33
LG6083,US501,2024-10-23 09:00:00,192.168.14.197
LG6084,US468,2024-01-24 02:00:00,192.168.8.171
LG6085,US510,2024-11-20 01:00:00,192.168.14.4
LG6086,US487,2024-06-07 10:00:00,192.168.9.118
LG6087,US420,2024-01-08 07:00:00,192.168.9.127
LG6088,US464,2024-06-02 17:00:00,192.168.18.174
LG6089,US423,2024-01-21 10:00:00,192.168.2.226
LG6090,US483,2024-11-16 11:00:00,192.168.0.175
LG6091,US463,2024-03-16 04:00:00,192.168.16.225
LG6092,US456,,192.168.5.171
LG6093,US479,2024-05-18 02:00:00,192.168.20.28
LG6094,US475,2024-01-20 22:00:00,192.168.0.252
LG6095,US489,2024-07-10 19:00:00,192.168.7.93
LG6096,US405,2024-11-18 15:00:00,192.168.2.79
LG6097,US418,2024-09-03 11:00:00,192.168.12.58
LG6098,,2024-03-31 20:00:00,192.168.6.242
LG6099,US515,2024-01-24 13:00:00,192.168.12.25
LG6100,US404,2024-03-23 03:00:00,192.168.3.114
LG6101,US506,2024-06-21 19:00:00,192.168.10.29
LG6102,US425,2024-02-28 11:00:00,192.168.13.240
LG6103,US503,2024-02-21 06:00:00,192.168.6.114
LG6104,US494,2024-02-30,192.168.20.179
LG6105,US417,2024-07-20 21:00:00,192.168.6.43
LG6106,US408,2024-09-02 17:00:00,192.168.16.42
LG6107,US433,2024-06-10 19:00:00,192.168.4.156
LG6108,US430,2024-02-15 04:00:00,192.168.3.253
LG6109,US438,2024-07-11 17:00:00,192.168.12.6
LG6110,US416,2024-09-01 11:00:00,192.168.17.179
LG6111,US448,2024-06-26 18:00:00,192.168.7.207
LG6112,US446,2024-07-28 11:00:00,192.168.2.198
LG6113,US448,2024-08-11 13:00:00,192.168.8.247
LG6114,US519,2024-05-19 15:00:00,999.999.1.1
LG6115,US435,2024-03-12 21:00:00,192.168.4.162
LG6116,US500,2024-02-15 18:00:00,192.168.9.172
LG6117,US516,2024-03-17 11:00:00,192.168.6.57
LG6118,US408,2024-04-19 14:00:00,192.168.9.139
LG6119,US435,2024-08-17 10:00:00,192.168.9.140
LG6120,US506,2024-03-22 07:00:00,192.168.9.2
LG6121,US470,2024-05-20 21:00:00,192.168.5.237
LG6122,US465,2024-06-23 06:00:00,192.168.16.143
LG6123,US465,2024-09-22 15:00:00,192.168.11.225
LG6124,US518,2024-04-11 14:00:00,192.168.7.156
LG6125,US484,2024-07-19 14:00:00,192.168.6.72
LG6126,US504,2024-07-14 10:00:00,192.168.13.10
LG6127,US475,2024-09-06 06:00:00,999.999.1.1
LG6128,,2024-02-17 05:00:00,192.168.9.176
LG6129,US441,2024-01-07 12:00:00,192.168.17.17
LG6130,US403,2024-03-01 05:00:00,192.168.0.149
LG6131,US435,2024-02-02 21:00:00,192.168.10.65
LG6132,US515,2024-03-10 23:00:00,192.168.12.180
LG6133,US454,2024-03-14 02:00:00,192.168.0.18
LG6134,US438,2024-02-21 22:00:00,192.168.3.170
LG6135,US404,2024-01-28 23:00:00,192.168.9.111
LG6136,US454,2024-01-27 11:00:00,192.168.2.217
LG6137,US425,2024-01-19 02:00:00,192.168.5.173
LG6138,US455,2024-06-01 23:00:00,192.168.12.47
LG6139,US495,,192.168.19.8
LG6140,US456,2024-11-16 06:00:00,192.168.0.254
LG6141,US448,2024-02-26 21:00:00,192.168.1.127
LG6142,US413,2024-06-20 20:00:00,ip_desconocida
LG6143,US412,2024-02-02 12:00:00,192.168.8.5
LG6144,US423,2024-05-19 19:00:00,192.168.14.5
LG6145,US481,2024-03-15 09:00:00,192.168.15.114
LG6146,US412,2024-07-29 12:00:00,192.168.20.239
LG6147,US510,2024-06-17 08:00:00,192.168.12.202
LG6148,US517,2024-03-07 08:00:00,192.168.12.4
LG6149,US446,2024-09-24 19:00:00,192.168.13.169
LG6150,US455,2024-07-02 23:00:00,192.168.6.182
LG6151,US431,2024-05-23 02:00:00,192.168.2.215
LG6152,US439,2024-09-02 14:00:00,
LG6153,US423,2024-11-09 03:00:00,192.168.4.131
LG6154,US512,2024-08-30 19:00:00,192.168.10.84
LG6155,US417,2024-01-22 04:00:00,192.168.7.84
LG6156,US413,2024-01-17 16:00:00,192.168.10.77
LG6157,US431,2024-01-11 10:00:00,192.168.4.101
LG6158,US489,2024-01-27 04:00:00,192.168.10.219
LG6159,US468,2024-05-06 21:00:00,192.168.4.12
LG6160,US465,2024-05-02 19:00:00,192.168.2.5
LG6161,US495,2024-10-20 10:00:00,192.168.13.187
LG6162,US401,2024-09-05 21:00:00,192.168.7.146
LG6163,US462,2024-06-19 04:00:00,192.168.19.4
LG6164,US459,2024-02-17 04:00:00,192.168.17.178
LG6165,US504,2024-02-24 12:00:00,192.168.3.103
LG6166,US406,2024-09-09 01:00:00,192.168.0.106
LG6167,US414,2024-09-24 03:00:00,192.168.5.137
LG6168,US447,2024-09-08 18:00:00,192.168.12.15
LG6169,US502,2024-10-13 15:00:00,192.168.15.30
LG6170,US503,2024-03-03 20:00:00,192.168.7.191
LG6171,US493,,192.168.0.238
LG6172,US486,2024-01-19 11:00:00,192.168.3.97
LG6173,US490,2024-07-05 08:00:00,192.168.0.60
LG6174,US476,2024-04-17 20:00:00,192.168.7.68
LG6175,US491,2024-03-06 12:00:00,192.168.12.166
LG6176,US490,2024-11-17 12:00:00,192.168.8.86
LG6177,US429,2024-07-08 17:00:00,192.168.14.184
LG6178,US401,2024-02-22 21:00:00,
LG6179,US493,2024-11-18 04:00:00,192.168.7.136
LG6180,US466,2024-06-01 02:00:00,192.168.12.180
LG6181,US454,,192.168.13.105
LG6182,US421,2024-11-10 19:00:00,192.168.12.119
LG6183,US492,2024-11-15 23:00:00,192.168.19.221
LG6184,US413,2024-11-18 02:00:00,192.168.19.154
LG6185,US508,2024-04-27 22:00:00,192.168.14.2
LG6186,US414,2024-09-17 13:00:00,192.168.5.100
LG6187,US449,2024-09-17 12:00:00,192.168.5.172
LG6188,US413,2024-05-08 04:00:00,192.168.0.69
LG6189,US512,2024-09-10 03:00:00,192.168.14.204
LG6190,US433,2024-07-22 00:00:00,192.168.3.149
LG6191,US511,2024-10-24 22:00:00,192.168.8.179
LG6192,US402,2025/99/10,ip_desconocida
LG6193,US443,2024-02-04 01:00:00,192.168.18.252
LG6194,US416,2024-06-26 01:00:00,ip_desconocida
LG6195,US447,2024-06-20 19:00:00,192.168.1.175
LG6196,US434,2024-06-21 05:00:00,192.168.6.31
LG6197,US512,2024-07-06 17:00:00,192.168.20.57
LG6198,US432,2024-11-17 05:00:00,192.168.20.27
LG6199,US500,2024-07-05 05:00:00,192.168.10.90
LG6200,US461,2024-10-09 18:00:00,
LG6201,US496,2024-03-22 15:00:00,192.168.15.67
LG6202,US511,2024-05-09 09:00:00,192.168.2.127
LG6203,US460,2024-04-11 17:00:00,192.168.7.107
LG6204,US486,2024-10-02 16:00:00,192.168.18.28
LG6205,US454,2024-04-15 06:00:00,192.168.15.44
LG6206,US491,2024-02-20 10:00:00,192.168.7.46
LG6207,US416,2024-05-15 13:00:00,192.168.1.227
LG6208,US475,2024-04-26 19:00:00,192.168.7.221
LG6209,US457,2024-10-23 22:00:00,192.168.20.49
LG6210,US472,2024-10-14 02:00:00,192.168.13.160
LG6211,US408,2024-11-11 07:00:00,192.168.13.153
LG6212,US474,2024-01-21 02:00:00,192.168.18.171
LG6213,US429,2024-11-23 13:00:00,192.168.14.172
LG6214,US417,2024-08-24 18:00:00,192.168.2.50
LG6215,US447,2024-03-13 10:00:00,192.168.19.148
LG6216,US480,2024-04-16 19:00:00,192.168.12.141
LG6217,US481,2024-10-12 12:00:00,192.168.8.253
LG6218,US510,2024-08-06 00:00:00,192.168.15.16
LG6219,US500,2024-04-12 16:00:00,192.168.11.137
LG6220,US413,2024-04-16 20:00:00,192.168.15.195
LG6221,US478,2024-04-21 02:00:00,192.168.20.44
LG6222,US464,2024-09-27 17:00:00,192.168.9.254
LG6223,US407,2024-08-10 22:00:00,192.168.14.234
LG6224,US410,2024-07-06 01:00:00,192.168.10.39
LG6225,US446,2024-06-14 11:00:00,192.168.4.149
LG6226,US491,2024-01-02 20:00:00,192.168.0.124
LG6227,US432,2024/08/22 09:00:00,192.168.9.120
LG6228,US436,2024-01-12 16:00:00,192.168.8.73
LG6229,US473,2024-01-14 00:00:00,192.168.14.118
LG6212,US474,2024-01-21 02:00:00,192.168.18.171
LG6224,US410,2024-07-06 01:00:00,192.168.10.39
LG6149,US446,2024-09-24 19:00:00,192.168.13.169
LG6078,US460,2024-07-04 23:00:00,192.168.8.18
LG6204,US486,2024-10-02 16:00:00,192.168.18.28
LG6023,US468,2024-01-03 19:00:00,192.168.13.72
